<?xml version="1.0" encoding="UTF-8"?>
<project-private xmlns="http://www.netbeans.org/ns/project-private/1">
    <editor-bookmarks xmlns="http://www.netbeans.org/ns/editor-bookmarks/2" lastBookmarkId="0"/>
    <open-files xmlns="http://www.netbeans.org/ns/projectui-open-files/2">
        <group>
            <file>file:/home/larissa/NetBeansProjects/MTP/src/mtp/Inicial.java</file>
            <file>file:/home/larissa/NetBeansProjects/MTP/src/mtp/Conexao.java</file>
            <file>file:/home/larissa/NetBeansProjects/MTP/src/mtp/Principal.java</file>
            <file>file:/home/larissa/NetBeansProjects/MTP/src/mtp/Login.java</file>
            <file>file:/home/larissa/NetBeansProjects/MTP/src/mtp/Cadastro.java</file>
            <file>file:/home/larissa/NetBeansProjects/MTP/src/mtp/Usuario.java</file>
            <file>file:/home/larissa/NetBeansProjects/MTP/src/mtp/Post.java</file>
            <file>file:/home/larissa/NetBeansProjects/MTP/src/mtp/AnexarPost.java</file>
        </group>
    </open-files>
</project-private>
